chapter_number,chapter_id,kanda,kanda_order,chapter_title,sarga_range,source_pdf_pages,printed_page_numbers,question_count,chunk_count,chunk_ids
1,bala_001,Bala Kanda,1,First Chapter,1-6,"[7, 8, 9]","[""11"", ""12"", ""13""]",5,6,"[""ramayana_bala_001_summary"", ""ramayana_bala_001_q001"", ""ramayana_bala_001_q002"", ""ramayana_bala_001_q003"", ""ramayana_bala_001_q004"", ""ramayana_bala_001_q005""]"
2,bala_002,Bala Kanda,1,Second Chapter,7-12,"[9, 10, 11]","[""13"", ""14"", ""15""]",5,6,"[""ramayana_bala_002_summary"", ""ramayana_bala_002_q001"", ""ramayana_bala_002_q002"", ""ramayana_bala_002_q003"", ""ramayana_bala_002_q004"", ""ramayana_bala_002_q005""]"
3,bala_003,Bala Kanda,1,Third Chapter,13-18,"[11, 12, 13]","[""15"", ""16"", ""17""]",5,6,"[""ramayana_bala_003_summary"", ""ramayana_bala_003_q001"", ""ramayana_bala_003_q002"", ""ramayana_bala_003_q003"", ""ramayana_bala_003_q004"", ""ramayana_bala_003_q005""]"
4,bala_004,Bala Kanda,1,Fourth Chapter,19-24,"[13, 14, 15]","[""17"", ""18"", ""19""]",5,6,"[""ramayana_bala_004_summary"", ""ramayana_bala_004_q001"", ""ramayana_bala_004_q002"", ""ramayana_bala_004_q003"", ""ramayana_bala_004_q004"", ""ramayana_bala_004_q005""]"
5,bala_005,Bala Kanda,1,Fifth Chapter,25-30,"[15, 16, 17]","[""19"", ""20"", ""21""]",5,6,"[""ramayana_bala_005_summary"", ""ramayana_bala_005_q001"", ""ramayana_bala_005_q002"", ""ramayana_bala_005_q003"", ""ramayana_bala_005_q004"", ""ramayana_bala_005_q005""]"
6,bala_006,Bala Kanda,1,Sixth Chapter,31-36,"[17, 18, 19, 20]","[""21"", ""22"", ""23"", ""24""]",5,6,"[""ramayana_bala_006_summary"", ""ramayana_bala_006_q001"", ""ramayana_bala_006_q002"", ""ramayana_bala_006_q003"", ""ramayana_bala_006_q004"", ""ramayana_bala_006_q005""]"
7,bala_007,Bala Kanda,1,Seventh Chapter,37-42,"[20, 21, 22]","[""24"", ""25"", ""26""]",5,6,"[""ramayana_bala_007_summary"", ""ramayana_bala_007_q001"", ""ramayana_bala_007_q002"", ""ramayana_bala_007_q003"", ""ramayana_bala_007_q004"", ""ramayana_bala_007_q005""]"
8,bala_008,Bala Kanda,1,Eighth Chapter,43-49,"[22, 23, 24]","[""26"", ""27"", ""28""]",5,6,"[""ramayana_bala_008_summary"", ""ramayana_bala_008_q001"", ""ramayana_bala_008_q002"", ""ramayana_bala_008_q003"", ""ramayana_bala_008_q004"", ""ramayana_bala_008_q005""]"
9,bala_009,Bala Kanda,1,Ninth Chapter,50-56,"[24, 25, 26]","[""28"", ""29"", ""30""]",5,6,"[""ramayana_bala_009_summary"", ""ramayana_bala_009_q001"", ""ramayana_bala_009_q002"", ""ramayana_bala_009_q003"", ""ramayana_bala_009_q004"", ""ramayana_bala_009_q005""]"
10,bala_010,Bala Kanda,1,Tenth Chapter,57-62,"[26, 27, 28]","[""30"", ""31"", ""32""]",5,6,"[""ramayana_bala_010_summary"", ""ramayana_bala_010_q001"", ""ramayana_bala_010_q002"", ""ramayana_bala_010_q003"", ""ramayana_bala_010_q004"", ""ramayana_bala_010_q005""]"
11,bala_011,Bala Kanda,1,Eleventh Chapter,63-67,"[28, 29, 30, 31]","[""32"", ""33"", ""34"", ""35""]",5,6,"[""ramayana_bala_011_summary"", ""ramayana_bala_011_q001"", ""ramayana_bala_011_q002"", ""ramayana_bala_011_q003"", ""ramayana_bala_011_q004"", ""ramayana_bala_011_q005""]"
12,bala_012,Bala Kanda,1,Twelfth Chapter,68-72,"[31, 32, 33]","[""35"", ""36"", ""37""]",5,6,"[""ramayana_bala_012_summary"", ""ramayana_bala_012_q001"", ""ramayana_bala_012_q002"", ""ramayana_bala_012_q003"", ""ramayana_bala_012_q004"", ""ramayana_bala_012_q005""]"
13,bala_013,Bala Kanda,1,Thirteenth Chapter,73-77,"[33, 34, 35, 36]","[""37"", ""38"", ""39"", ""40""]",5,6,"[""ramayana_bala_013_summary"", ""ramayana_bala_013_q001"", ""ramayana_bala_013_q002"", ""ramayana_bala_013_q003"", ""ramayana_bala_013_q004"", ""ramayana_bala_013_q005""]"
14,ayodhya_014,Ayodhya Kanda,2,Fourteenth Chapter,1-6,"[36, 37, 38]","[""40"", ""41"", ""42""]",5,6,"[""ramayana_ayodhya_014_summary"", ""ramayana_ayodhya_014_q001"", ""ramayana_ayodhya_014_q002"", ""ramayana_ayodhya_014_q003"", ""ramayana_ayodhya_014_q004"", ""ramayana_ayodhya_014_q005""]"
15,ayodhya_015,Ayodhya Kanda,2,Fifteenth Chapter,7-12,"[38, 39, 40]","[""42"", ""43"", ""44""]",5,6,"[""ramayana_ayodhya_015_summary"", ""ramayana_ayodhya_015_q001"", ""ramayana_ayodhya_015_q002"", ""ramayana_ayodhya_015_q003"", ""ramayana_ayodhya_015_q004"", ""ramayana_ayodhya_015_q005""]"
16,ayodhya_016,Ayodhya Kanda,2,Sixteenth Chapter,13-18,"[40, 41, 42]","[""44"", ""45"", ""46""]",5,6,"[""ramayana_ayodhya_016_summary"", ""ramayana_ayodhya_016_q001"", ""ramayana_ayodhya_016_q002"", ""ramayana_ayodhya_016_q003"", ""ramayana_ayodhya_016_q004"", ""ramayana_ayodhya_016_q005""]"
17,ayodhya_017,Ayodhya Kanda,2,Seventeenth Chapter,19-24,"[42, 43, 44, 45]","[""46"", ""47"", ""48"", ""49""]",5,6,"[""ramayana_ayodhya_017_summary"", ""ramayana_ayodhya_017_q001"", ""ramayana_ayodhya_017_q002"", ""ramayana_ayodhya_017_q003"", ""ramayana_ayodhya_017_q004"", ""ramayana_ayodhya_017_q005""]"
18,ayodhya_018,Ayodhya Kanda,2,Eighteenth Chapter,25-30,"[45, 46, 47]","[""49"", ""50"", ""51""]",5,6,"[""ramayana_ayodhya_018_summary"", ""ramayana_ayodhya_018_q001"", ""ramayana_ayodhya_018_q002"", ""ramayana_ayodhya_018_q003"", ""ramayana_ayodhya_018_q004"", ""ramayana_ayodhya_018_q005""]"
19,ayodhya_019,Ayodhya Kanda,2,Nineteenth Chapter,31-36,"[47, 48, 49, 50]","[""51"", ""52"", ""53"", ""54""]",5,6,"[""ramayana_ayodhya_019_summary"", ""ramayana_ayodhya_019_q001"", ""ramayana_ayodhya_019_q002"", ""ramayana_ayodhya_019_q003"", ""ramayana_ayodhya_019_q004"", ""ramayana_ayodhya_019_q005""]"
20,ayodhya_020,Ayodhya Kanda,2,Twentieth Chapter,37-42,"[50, 51, 52]","[""54"", ""55"", ""56""]",5,6,"[""ramayana_ayodhya_020_summary"", ""ramayana_ayodhya_020_q001"", ""ramayana_ayodhya_020_q002"", ""ramayana_ayodhya_020_q003"", ""ramayana_ayodhya_020_q004"", ""ramayana_ayodhya_020_q005""]"
21,ayodhya_021,Ayodhya Kanda,2,Twenty-first Chapter,43-48,"[52, 53, 54]","[""56"", ""57"", ""58""]",5,6,"[""ramayana_ayodhya_021_summary"", ""ramayana_ayodhya_021_q001"", ""ramayana_ayodhya_021_q002"", ""ramayana_ayodhya_021_q003"", ""ramayana_ayodhya_021_q004"", ""ramayana_ayodhya_021_q005""]"
22,ayodhya_022,Ayodhya Kanda,2,Twenty-second Chapter,49-54,"[54, 55, 56, 57]","[""58"", ""59"", ""60"", ""61""]",5,6,"[""ramayana_ayodhya_022_summary"", ""ramayana_ayodhya_022_q001"", ""ramayana_ayodhya_022_q002"", ""ramayana_ayodhya_022_q003"", ""ramayana_ayodhya_022_q004"", ""ramayana_ayodhya_022_q005""]"
23,ayodhya_023,Ayodhya Kanda,2,Twenty-Third Chapter,55-60,"[57, 58, 59]","[""61"", ""62"", ""63""]",5,6,"[""ramayana_ayodhya_023_summary"", ""ramayana_ayodhya_023_q001"", ""ramayana_ayodhya_023_q002"", ""ramayana_ayodhya_023_q003"", ""ramayana_ayodhya_023_q004"", ""ramayana_ayodhya_023_q005""]"
24,ayodhya_024,Ayodhya Kanda,2,Twenty-Fourth Chapter,61-66,"[59, 60, 61, 62]","[""63"", ""64"", ""65"", ""66""]",5,6,"[""ramayana_ayodhya_024_summary"", ""ramayana_ayodhya_024_q001"", ""ramayana_ayodhya_024_q002"", ""ramayana_ayodhya_024_q003"", ""ramayana_ayodhya_024_q004"", ""ramayana_ayodhya_024_q005""]"
25,ayodhya_025,Ayodhya Kanda,2,Twenty-fifth Chapter,67-72,"[62, 63, 64]","[""66"", ""67"", ""68""]",5,6,"[""ramayana_ayodhya_025_summary"", ""ramayana_ayodhya_025_q001"", ""ramayana_ayodhya_025_q002"", ""ramayana_ayodhya_025_q003"", ""ramayana_ayodhya_025_q004"", ""ramayana_ayodhya_025_q005""]"
26,ayodhya_026,Ayodhya Kanda,2,Twenty-Sixth Chapter,73-78,"[64, 65, 66, 67]","[""68"", ""69"", ""70"", ""71""]",5,6,"[""ramayana_ayodhya_026_summary"", ""ramayana_ayodhya_026_q001"", ""ramayana_ayodhya_026_q002"", ""ramayana_ayodhya_026_q003"", ""ramayana_ayodhya_026_q004"", ""ramayana_ayodhya_026_q005""]"
27,ayodhya_027,Ayodhya Kanda,2,Twenty-Seventh Chapter,79-84,"[67, 68, 69]","[""71"", ""72"", ""73""]",5,6,"[""ramayana_ayodhya_027_summary"", ""ramayana_ayodhya_027_q001"", ""ramayana_ayodhya_027_q002"", ""ramayana_ayodhya_027_q003"", ""ramayana_ayodhya_027_q004"", ""ramayana_ayodhya_027_q005""]"
28,ayodhya_028,Ayodhya Kanda,2,Twenty-Eighth Chapter,85-90,"[69, 70, 71, 72]","[""73"", ""74"", ""75"", ""76""]",5,6,"[""ramayana_ayodhya_028_summary"", ""ramayana_ayodhya_028_q001"", ""ramayana_ayodhya_028_q002"", ""ramayana_ayodhya_028_q003"", ""ramayana_ayodhya_028_q004"", ""ramayana_ayodhya_028_q005""]"
29,ayodhya_029,Ayodhya Kanda,2,Twenty-ninth Chapter,91-96,"[72, 73, 74]","[""76"", ""77"", ""78""]",5,6,"[""ramayana_ayodhya_029_summary"", ""ramayana_ayodhya_029_q001"", ""ramayana_ayodhya_029_q002"", ""ramayana_ayodhya_029_q003"", ""ramayana_ayodhya_029_q004"", ""ramayana_ayodhya_029_q005""]"
30,ayodhya_030,Ayodhya Kanda,2,Thirtieth Chapter,97-102,"[74, 75, 76, 77]","[""78"", ""79"", ""80"", ""81""]",5,6,"[""ramayana_ayodhya_030_summary"", ""ramayana_ayodhya_030_q001"", ""ramayana_ayodhya_030_q002"", ""ramayana_ayodhya_030_q003"", ""ramayana_ayodhya_030_q004"", ""ramayana_ayodhya_030_q005""]"
31,ayodhya_031,Ayodhya Kanda,2,Thirty-first Chapter,103-108,"[77, 78, 79]","[""81"", ""82"", ""83""]",5,6,"[""ramayana_ayodhya_031_summary"", ""ramayana_ayodhya_031_q001"", ""ramayana_ayodhya_031_q002"", ""ramayana_ayodhya_031_q003"", ""ramayana_ayodhya_031_q004"", ""ramayana_ayodhya_031_q005""]"
32,ayodhya_032,Ayodhya Kanda,2,Thirty-second Chapter,109-114,"[79, 80, 81, 82]","[""83"", ""84"", ""85"", ""86""]",5,6,"[""ramayana_ayodhya_032_summary"", ""ramayana_ayodhya_032_q001"", ""ramayana_ayodhya_032_q002"", ""ramayana_ayodhya_032_q003"", ""ramayana_ayodhya_032_q004"", ""ramayana_ayodhya_032_q005""]"
33,aranya_033,Aranya Kanda,3,Thirty-Third Chapter,115-119,"[82, 83, 84, 85]","[""86"", ""87"", ""88"", ""89""]",5,6,"[""ramayana_aranya_033_summary"", ""ramayana_aranya_033_q001"", ""ramayana_aranya_033_q002"", ""ramayana_aranya_033_q003"", ""ramayana_aranya_033_q004"", ""ramayana_aranya_033_q005""]"
34,aranya_034,Aranya Kanda,3,Thirty-fourth Chapter,1-6,"[85, 86, 87]","[""89"", ""90"", ""91""]",5,6,"[""ramayana_aranya_034_summary"", ""ramayana_aranya_034_q001"", ""ramayana_aranya_034_q002"", ""ramayana_aranya_034_q003"", ""ramayana_aranya_034_q004"", ""ramayana_aranya_034_q005""]"
35,aranya_035,Aranya Kanda,3,Thirty-fifth Chapter,7-11,"[87, 88, 89, 90]","[""91"", ""92"", ""93"", ""94""]",5,6,"[""ramayana_aranya_035_summary"", ""ramayana_aranya_035_q001"", ""ramayana_aranya_035_q002"", ""ramayana_aranya_035_q003"", ""ramayana_aranya_035_q004"", ""ramayana_aranya_035_q005""]"
36,aranya_036,Aranya Kanda,3,Thirty-Sixth Chapter,12-17,"[90, 91, 92]","[""94"", ""95"", ""96""]",5,6,"[""ramayana_aranya_036_summary"", ""ramayana_aranya_036_q001"", ""ramayana_aranya_036_q002"", ""ramayana_aranya_036_q003"", ""ramayana_aranya_036_q004"", ""ramayana_aranya_036_q005""]"
37,aranya_037,Aranya Kanda,3,Thirty-Seventh Chapter,18-23,"[92, 93, 94, 95]","[""96"", ""97"", ""98"", ""99""]",5,6,"[""ramayana_aranya_037_summary"", ""ramayana_aranya_037_q001"", ""ramayana_aranya_037_q002"", ""ramayana_aranya_037_q003"", ""ramayana_aranya_037_q004"", ""ramayana_aranya_037_q005""]"
38,aranya_038,Aranya Kanda,3,Thirty-eighth Chapter,24-29,"[95, 96, 97]","[""99"", ""100"", ""101""]",5,6,"[""ramayana_aranya_038_summary"", ""ramayana_aranya_038_q001"", ""ramayana_aranya_038_q002"", ""ramayana_aranya_038_q003"", ""ramayana_aranya_038_q004"", ""ramayana_aranya_038_q005""]"
39,aranya_039,Aranya Kanda,3,Thirty-ninth Chapter,30-35,"[97, 98, 99, 100]","[""101"", ""102"", ""103"", ""104""]",5,6,"[""ramayana_aranya_039_summary"", ""ramayana_aranya_039_q001"", ""ramayana_aranya_039_q002"", ""ramayana_aranya_039_q003"", ""ramayana_aranya_039_q004"", ""ramayana_aranya_039_q005""]"
40,aranya_040,Aranya Kanda,3,Fortieth Chapter,36-41,"[100, 101, 102]","[""104"", ""105"", ""106""]",5,6,"[""ramayana_aranya_040_summary"", ""ramayana_aranya_040_q001"", ""ramayana_aranya_040_q002"", ""ramayana_aranya_040_q003"", ""ramayana_aranya_040_q004"", ""ramayana_aranya_040_q005""]"
41,aranya_041,Aranya Kanda,3,Forty-first Chapter,42-47,"[102, 103, 104, 105]","[""106"", ""107"", ""108"", ""109""]",5,6,"[""ramayana_aranya_041_summary"", ""ramayana_aranya_041_q001"", ""ramayana_aranya_041_q002"", ""ramayana_aranya_041_q003"", ""ramayana_aranya_041_q004"", ""ramayana_aranya_041_q005""]"
42,aranya_042,Aranya Kanda,3,Forty-second Chapter,48-53,"[105, 106, 107]","[""109"", ""110"", ""111""]",5,6,"[""ramayana_aranya_042_summary"", ""ramayana_aranya_042_q001"", ""ramayana_aranya_042_q002"", ""ramayana_aranya_042_q003"", ""ramayana_aranya_042_q004"", ""ramayana_aranya_042_q005""]"
43,aranya_043,Aranya Kanda,3,Forty-Third Chapter,54-58,"[107, 108, 109, 110]","[""111"", ""112"", ""113"", ""114""]",5,6,"[""ramayana_aranya_043_summary"", ""ramayana_aranya_043_q001"", ""ramayana_aranya_043_q002"", ""ramayana_aranya_043_q003"", ""ramayana_aranya_043_q004"", ""ramayana_aranya_043_q005""]"
44,aranya_044,Aranya Kanda,3,Forty-Fourth Chapter,59-64,"[110, 111, 112]","[""114"", ""115"", ""116""]",5,6,"[""ramayana_aranya_044_summary"", ""ramayana_aranya_044_q001"", ""ramayana_aranya_044_q002"", ""ramayana_aranya_044_q003"", ""ramayana_aranya_044_q004"", ""ramayana_aranya_044_q005""]"
45,aranya_045,Aranya Kanda,3,Forty-fifth Chapter,65-70,"[112, 113, 114, 115]","[""116"", ""117"", ""118"", ""119""]",5,6,"[""ramayana_aranya_045_summary"", ""ramayana_aranya_045_q001"", ""ramayana_aranya_045_q002"", ""ramayana_aranya_045_q003"", ""ramayana_aranya_045_q004"", ""ramayana_aranya_045_q005""]"
46,aranya_046,Aranya Kanda,3,Forty-Sixth Chapter,71-75,"[115, 116, 117, 118]","[""119"", ""120"", ""121"", ""122""]",5,6,"[""ramayana_aranya_046_summary"", ""ramayana_aranya_046_q001"", ""ramayana_aranya_046_q002"", ""ramayana_aranya_046_q003"", ""ramayana_aranya_046_q004"", ""ramayana_aranya_046_q005""]"
47,kishkindha_047,Kishkindha Kanda,4,Forty-seventh Chapter,1-6,"[118, 119, 120]","[""122"", ""123"", ""124""]",5,6,"[""ramayana_kishkindha_047_summary"", ""ramayana_kishkindha_047_q001"", ""ramayana_kishkindha_047_q002"", ""ramayana_kishkindha_047_q003"", ""ramayana_kishkindha_047_q004"", ""ramayana_kishkindha_047_q005""]"
48,kishkindha_048,Kishkindha Kanda,4,Forty-Eighth Chapter,7-12,"[120, 121, 122, 123]","[""124"", ""125"", ""126"", ""127""]",5,6,"[""ramayana_kishkindha_048_summary"", ""ramayana_kishkindha_048_q001"", ""ramayana_kishkindha_048_q002"", ""ramayana_kishkindha_048_q003"", ""ramayana_kishkindha_048_q004"", ""ramayana_kishkindha_048_q005""]"
49,kishkindha_049,Kishkindha Kanda,4,Forty-ninth Chapter,13-18,"[123, 124, 125]","[""127"", ""128"", ""129""]",5,6,"[""ramayana_kishkindha_049_summary"", ""ramayana_kishkindha_049_q001"", ""ramayana_kishkindha_049_q002"", ""ramayana_kishkindha_049_q003"", ""ramayana_kishkindha_049_q004"", ""ramayana_kishkindha_049_q005""]"
50,kishkindha_050,Kishkindha Kanda,4,Fiftieth Chapter,19-24,"[125, 126, 127, 128]","[""129"", ""130"", ""131"", ""132""]",5,6,"[""ramayana_kishkindha_050_summary"", ""ramayana_kishkindha_050_q001"", ""ramayana_kishkindha_050_q002"", ""ramayana_kishkindha_050_q003"", ""ramayana_kishkindha_050_q004"", ""ramayana_kishkindha_050_q005""]"
51,kishkindha_051,Kishkindha Kanda,4,Fifty-first Chapter,25-29,"[128, 129, 130]","[""132"", ""133"", ""134""]",5,6,"[""ramayana_kishkindha_051_summary"", ""ramayana_kishkindha_051_q001"", ""ramayana_kishkindha_051_q002"", ""ramayana_kishkindha_051_q003"", ""ramayana_kishkindha_051_q004"", ""ramayana_kishkindha_051_q005""]"
52,kishkindha_052,Kishkindha Kanda,4,Fifty-second Chapter,30-35,"[130, 131, 132, 133]","[""134"", ""135"", ""136"", ""137""]",5,6,"[""ramayana_kishkindha_052_summary"", ""ramayana_kishkindha_052_q001"", ""ramayana_kishkindha_052_q002"", ""ramayana_kishkindha_052_q003"", ""ramayana_kishkindha_052_q004"", ""ramayana_kishkindha_052_q005""]"
53,kishkindha_053,Kishkindha Kanda,4,Fifty-third Chapter,36-41,"[133, 134, 135]","[""137"", ""138"", ""139""]",5,6,"[""ramayana_kishkindha_053_summary"", ""ramayana_kishkindha_053_q001"", ""ramayana_kishkindha_053_q002"", ""ramayana_kishkindha_053_q003"", ""ramayana_kishkindha_053_q004"", ""ramayana_kishkindha_053_q005""]"
54,kishkindha_054,Kishkindha Kanda,4,Fifty-fourth Chapter,42-47,"[135, 136, 137, 138]","[""139"", ""140"", ""141"", ""142""]",5,6,"[""ramayana_kishkindha_054_summary"", ""ramayana_kishkindha_054_q001"", ""ramayana_kishkindha_054_q002"", ""ramayana_kishkindha_054_q003"", ""ramayana_kishkindha_054_q004"", ""ramayana_kishkindha_054_q005""]"
55,kishkindha_055,Kishkindha Kanda,4,Fifty-fifth Chapter,48-53,"[138, 139, 140]","[""142"", ""143"", ""144""]",5,6,"[""ramayana_kishkindha_055_summary"", ""ramayana_kishkindha_055_q001"", ""ramayana_kishkindha_055_q002"", ""ramayana_kishkindha_055_q003"", ""ramayana_kishkindha_055_q004"", ""ramayana_kishkindha_055_q005""]"
56,kishkindha_056,Kishkindha Kanda,4,Fifty-sixth Chapter,53-57,"[140, 141, 142, 143]","[""144"", ""145"", ""146"", ""147""]",5,6,"[""ramayana_kishkindha_056_summary"", ""ramayana_kishkindha_056_q001"", ""ramayana_kishkindha_056_q002"", ""ramayana_kishkindha_056_q003"", ""ramayana_kishkindha_056_q004"", ""ramayana_kishkindha_056_q005""]"
57,kishkindha_057,Kishkindha Kanda,4,Fifty-seventh Chapter,58-62,"[143, 144, 145]","[""147"", ""148"", ""149""]",5,6,"[""ramayana_kishkindha_057_summary"", ""ramayana_kishkindha_057_q001"", ""ramayana_kishkindha_057_q002"", ""ramayana_kishkindha_057_q003"", ""ramayana_kishkindha_057_q004"", ""ramayana_kishkindha_057_q005""]"
58,kishkindha_058,Kishkindha Kanda,4,Fifty-eighth Chapter,63-67,"[145, 146, 147, 148]","[""149"", ""150"", ""151"", ""152""]",5,6,"[""ramayana_kishkindha_058_summary"", ""ramayana_kishkindha_058_q001"", ""ramayana_kishkindha_058_q002"", ""ramayana_kishkindha_058_q003"", ""ramayana_kishkindha_058_q004"", ""ramayana_kishkindha_058_q005""]"
59,sundara_059,Sundara Kanda,5,Fifty-ninth Chapter,1-5,"[148, 149, 150]","[""152"", ""153"", ""154""]",5,6,"[""ramayana_sundara_059_summary"", ""ramayana_sundara_059_q001"", ""ramayana_sundara_059_q002"", ""ramayana_sundara_059_q003"", ""ramayana_sundara_059_q004"", ""ramayana_sundara_059_q005""]"
60,sundara_060,Sundara Kanda,5,Sixtieth Chapter,6-11,"[150, 151, 152, 153]","[""154"", ""155"", ""156"", ""157""]",5,6,"[""ramayana_sundara_060_summary"", ""ramayana_sundara_060_q001"", ""ramayana_sundara_060_q002"", ""ramayana_sundara_060_q003"", ""ramayana_sundara_060_q004"", ""ramayana_sundara_060_q005""]"
61,sundara_061,Sundara Kanda,5,Sixty-first Chapter,12-16,"[153, 154, 155]","[""157"", ""158"", ""159""]",5,6,"[""ramayana_sundara_061_summary"", ""ramayana_sundara_061_q001"", ""ramayana_sundara_061_q002"", ""ramayana_sundara_061_q003"", ""ramayana_sundara_061_q004"", ""ramayana_sundara_061_q005""]"
62,sundara_062,Sundara Kanda,5,Sixty-second Chapter,17-21,"[155, 156, 157, 158]","[""159"", ""160"", ""161"", ""162""]",5,6,"[""ramayana_sundara_062_summary"", ""ramayana_sundara_062_q001"", ""ramayana_sundara_062_q002"", ""ramayana_sundara_062_q003"", ""ramayana_sundara_062_q004"", ""ramayana_sundara_062_q005""]"
63,sundara_063,Sundara Kanda,5,Sixty-third Chapter,22-26,"[158, 159, 160]","[""162"", ""163"", ""164""]",5,6,"[""ramayana_sundara_063_summary"", ""ramayana_sundara_063_q001"", ""ramayana_sundara_063_q002"", ""ramayana_sundara_063_q003"", ""ramayana_sundara_063_q004"", ""ramayana_sundara_063_q005""]"
64,sundara_064,Sundara Kanda,5,Sixty-fourth Chapter,27-31,"[160, 161, 162, 163]","[""164"", ""165"", ""166"", ""167""]",5,6,"[""ramayana_sundara_064_summary"", ""ramayana_sundara_064_q001"", ""ramayana_sundara_064_q002"", ""ramayana_sundara_064_q003"", ""ramayana_sundara_064_q004"", ""ramayana_sundara_064_q005""]"
65,sundara_065,Sundara Kanda,5,Sixty-fifth Chapter,32-36,"[163, 164, 165, 166]","[""167"", ""168"", ""169"", ""170""]",5,6,"[""ramayana_sundara_065_summary"", ""ramayana_sundara_065_q001"", ""ramayana_sundara_065_q002"", ""ramayana_sundara_065_q003"", ""ramayana_sundara_065_q004"", ""ramayana_sundara_065_q005""]"
66,sundara_066,Sundara Kanda,5,Sixty-sixth Chapter,37-40,"[166, 167, 168, 169]","[""170"", ""171"", ""172"", ""173""]",5,6,"[""ramayana_sundara_066_summary"", ""ramayana_sundara_066_q001"", ""ramayana_sundara_066_q002"", ""ramayana_sundara_066_q003"", ""ramayana_sundara_066_q004"", ""ramayana_sundara_066_q005""]"
67,sundara_067,Sundara Kanda,5,Sixty-seventh Chapter,41-44,"[169, 170, 171]","[""173"", ""174"", ""175""]",5,6,"[""ramayana_sundara_067_summary"", ""ramayana_sundara_067_q001"", ""ramayana_sundara_067_q002"", ""ramayana_sundara_067_q003"", ""ramayana_sundara_067_q004"", ""ramayana_sundara_067_q005""]"
68,sundara_068,Sundara Kanda,5,Sixty-eighth Chapter,45-48,"[171, 172, 173]","[""175"", ""176"", ""177""]",5,6,"[""ramayana_sundara_068_summary"", ""ramayana_sundara_068_q001"", ""ramayana_sundara_068_q002"", ""ramayana_sundara_068_q003"", ""ramayana_sundara_068_q004"", ""ramayana_sundara_068_q005""]"
69,sundara_069,Sundara Kanda,5,Sixty-ninth Chapter,49-52,"[173, 174, 175, 176]","[""177"", ""178"", ""179"", ""180""]",5,6,"[""ramayana_sundara_069_summary"", ""ramayana_sundara_069_q001"", ""ramayana_sundara_069_q002"", ""ramayana_sundara_069_q003"", ""ramayana_sundara_069_q004"", ""ramayana_sundara_069_q005""]"
70,sundara_070,Sundara Kanda,5,Seventieth Chapter,53-56,"[176, 177, 178]","[""180"", ""181"", ""182""]",5,6,"[""ramayana_sundara_070_summary"", ""ramayana_sundara_070_q001"", ""ramayana_sundara_070_q002"", ""ramayana_sundara_070_q003"", ""ramayana_sundara_070_q004"", ""ramayana_sundara_070_q005""]"
71,sundara_071,Sundara Kanda,5,Seventy-first Chapter,57-60,"[178, 179, 180, 181]","[""182"", ""183"", ""184"", ""185""]",5,6,"[""ramayana_sundara_071_summary"", ""ramayana_sundara_071_q001"", ""ramayana_sundara_071_q002"", ""ramayana_sundara_071_q003"", ""ramayana_sundara_071_q004"", ""ramayana_sundara_071_q005""]"
72,sundara_072,Sundara Kanda,5,Seventy-second Chapter,61-64,"[181, 182, 183]","[""185"", ""186"", ""187""]",5,6,"[""ramayana_sundara_072_summary"", ""ramayana_sundara_072_q001"", ""ramayana_sundara_072_q002"", ""ramayana_sundara_072_q003"", ""ramayana_sundara_072_q004"", ""ramayana_sundara_072_q005""]"
73,sundara_073,Sundara Kanda,5,Seventy-third Chapter,65-68,"[183, 184, 185, 186]","[""187"", ""188"", ""189"", ""190""]",5,6,"[""ramayana_sundara_073_summary"", ""ramayana_sundara_073_q001"", ""ramayana_sundara_073_q002"", ""ramayana_sundara_073_q003"", ""ramayana_sundara_073_q004"", ""ramayana_sundara_073_q005""]"
74,yuddha_074,Yuddha Kanda,6,Seventy-fourth Chapter,1-4,"[186, 187, 188]","[""190"", ""191"", ""192""]",5,6,"[""ramayana_yuddha_074_summary"", ""ramayana_yuddha_074_q001"", ""ramayana_yuddha_074_q002"", ""ramayana_yuddha_074_q003"", ""ramayana_yuddha_074_q004"", ""ramayana_yuddha_074_q005""]"
75,yuddha_075,Yuddha Kanda,6,Seventy-fifth Chapter,5-8,"[188, 189, 190, 191]","[""192"", ""193"", ""194"", ""195""]",5,6,"[""ramayana_yuddha_075_summary"", ""ramayana_yuddha_075_q001"", ""ramayana_yuddha_075_q002"", ""ramayana_yuddha_075_q003"", ""ramayana_yuddha_075_q004"", ""ramayana_yuddha_075_q005""]"
76,yuddha_076,Yuddha Kanda,6,Seventy-sixth Chapter,9-12,"[191, 192, 193]","[""195"", ""196"", ""197""]",5,6,"[""ramayana_yuddha_076_summary"", ""ramayana_yuddha_076_q001"", ""ramayana_yuddha_076_q002"", ""ramayana_yuddha_076_q003"", ""ramayana_yuddha_076_q004"", ""ramayana_yuddha_076_q005""]"
77,yuddha_077,Yuddha Kanda,6,Seventy-seventh Chapter,13-16,"[193, 194, 195]","[""197"", ""198"", ""199""]",5,6,"[""ramayana_yuddha_077_summary"", ""ramayana_yuddha_077_q001"", ""ramayana_yuddha_077_q002"", ""ramayana_yuddha_077_q003"", ""ramayana_yuddha_077_q004"", ""ramayana_yuddha_077_q005""]"
78,yuddha_078,Yuddha Kanda,6,Seventy-eighth Chapter,17-20,"[195, 196, 197, 198]","[""199"", ""200"", ""201"", ""202""]",5,6,"[""ramayana_yuddha_078_summary"", ""ramayana_yuddha_078_q001"", ""ramayana_yuddha_078_q002"", ""ramayana_yuddha_078_q003"", ""ramayana_yuddha_078_q004"", ""ramayana_yuddha_078_q005""]"
79,yuddha_079,Yuddha Kanda,6,Seventy-ninth Chapter,21-24,"[198, 199, 200]","[""202"", ""203"", ""204""]",5,6,"[""ramayana_yuddha_079_summary"", ""ramayana_yuddha_079_q001"", ""ramayana_yuddha_079_q002"", ""ramayana_yuddha_079_q003"", ""ramayana_yuddha_079_q004"", ""ramayana_yuddha_079_q005""]"
80,yuddha_080,Yuddha Kanda,6,Eightieth Chapter,25-29,"[200, 201, 202]","[""204"", ""205"", ""206""]",5,6,"[""ramayana_yuddha_080_summary"", ""ramayana_yuddha_080_q001"", ""ramayana_yuddha_080_q002"", ""ramayana_yuddha_080_q003"", ""ramayana_yuddha_080_q004"", ""ramayana_yuddha_080_q005""]"
81,yuddha_081,Yuddha Kanda,6,Eighty-first Chapter,30-34,"[202, 203, 204]","[""206"", ""207"", ""208""]",5,6,"[""ramayana_yuddha_081_summary"", ""ramayana_yuddha_081_q001"", ""ramayana_yuddha_081_q002"", ""ramayana_yuddha_081_q003"", ""ramayana_yuddha_081_q004"", ""ramayana_yuddha_081_q005""]"
82,yuddha_082,Yuddha Kanda,6,Eighty-second Chapter,35-39,"[204, 205, 206]","[""208"", ""209"", ""210""]",5,6,"[""ramayana_yuddha_082_summary"", ""ramayana_yuddha_082_q001"", ""ramayana_yuddha_082_q002"", ""ramayana_yuddha_082_q003"", ""ramayana_yuddha_082_q004"", ""ramayana_yuddha_082_q005""]"
83,yuddha_083,Yuddha Kanda,6,Eighty-third Chapter,40-44,"[206, 207, 208]","[""210"", ""211"", ""212""]",5,6,"[""ramayana_yuddha_083_summary"", ""ramayana_yuddha_083_q001"", ""ramayana_yuddha_083_q002"", ""ramayana_yuddha_083_q003"", ""ramayana_yuddha_083_q004"", ""ramayana_yuddha_083_q005""]"
84,yuddha_084,Yuddha Kanda,6,Eighty-fourth Chapter,45-49,"[208, 209, 210, 211]","[""212"", ""213"", ""214"", ""215""]",5,6,"[""ramayana_yuddha_084_summary"", ""ramayana_yuddha_084_q001"", ""ramayana_yuddha_084_q002"", ""ramayana_yuddha_084_q003"", ""ramayana_yuddha_084_q004"", ""ramayana_yuddha_084_q005""]"
85,yuddha_085,Yuddha Kanda,6,Eighty-fifth Chapter,50-54,"[211, 212, 213]","[""215"", ""216"", ""217""]",5,6,"[""ramayana_yuddha_085_summary"", ""ramayana_yuddha_085_q001"", ""ramayana_yuddha_085_q002"", ""ramayana_yuddha_085_q003"", ""ramayana_yuddha_085_q004"", ""ramayana_yuddha_085_q005""]"
86,yuddha_086,Yuddha Kanda,6,Eighty-sixth Chapter,55-59,"[213, 214, 215, 216]","[""217"", ""218"", ""219"", ""220""]",5,6,"[""ramayana_yuddha_086_summary"", ""ramayana_yuddha_086_q001"", ""ramayana_yuddha_086_q002"", ""ramayana_yuddha_086_q003"", ""ramayana_yuddha_086_q004"", ""ramayana_yuddha_086_q005""]"
87,yuddha_087,Yuddha Kanda,6,Eighty-seventh Chapter,60-64,"[216, 217, 218]","[""220"", ""221"", ""222""]",5,6,"[""ramayana_yuddha_087_summary"", ""ramayana_yuddha_087_q001"", ""ramayana_yuddha_087_q002"", ""ramayana_yuddha_087_q003"", ""ramayana_yuddha_087_q004"", ""ramayana_yuddha_087_q005""]"
88,yuddha_088,Yuddha Kanda,6,Eighty-Eighth Chapter,65-70,"[218, 219, 220, 221]","[""222"", ""223"", ""224"", ""225""]",5,6,"[""ramayana_yuddha_088_summary"", ""ramayana_yuddha_088_q001"", ""ramayana_yuddha_088_q002"", ""ramayana_yuddha_088_q003"", ""ramayana_yuddha_088_q004"", ""ramayana_yuddha_088_q005""]"
89,yuddha_089,Yuddha Kanda,6,Eighty-ninth Chapter,71-75,"[221, 222, 223]","[""225"", ""226"", ""227""]",5,6,"[""ramayana_yuddha_089_summary"", ""ramayana_yuddha_089_q001"", ""ramayana_yuddha_089_q002"", ""ramayana_yuddha_089_q003"", ""ramayana_yuddha_089_q004"", ""ramayana_yuddha_089_q005""]"
90,yuddha_090,Yuddha Kanda,6,Ninety-ninth Chapter,76-81,"[223, 224, 225]","[""227"", ""228"", ""229""]",5,6,"[""ramayana_yuddha_090_summary"", ""ramayana_yuddha_090_q001"", ""ramayana_yuddha_090_q002"", ""ramayana_yuddha_090_q003"", ""ramayana_yuddha_090_q004"", ""ramayana_yuddha_090_q005""]"
91,yuddha_091,Yuddha Kanda,6,Ninety-first Chapter,82-87,"[225, 226, 227, 228]","[""229"", ""230"", ""231"", ""232""]",5,6,"[""ramayana_yuddha_091_summary"", ""ramayana_yuddha_091_q001"", ""ramayana_yuddha_091_q002"", ""ramayana_yuddha_091_q003"", ""ramayana_yuddha_091_q004"", ""ramayana_yuddha_091_q005""]"
92,yuddha_092,Yuddha Kanda,6,Ninety-second Chapter,88-93,"[228, 229, 230]","[""232"", ""233"", ""234""]",5,6,"[""ramayana_yuddha_092_summary"", ""ramayana_yuddha_092_q001"", ""ramayana_yuddha_092_q002"", ""ramayana_yuddha_092_q003"", ""ramayana_yuddha_092_q004"", ""ramayana_yuddha_092_q005""]"
93,yuddha_093,Yuddha Kanda,6,Ninety-third Chapter,94-99,"[230, 231, 232, 233]","[""234"", ""235"", ""236"", ""237""]",5,6,"[""ramayana_yuddha_093_summary"", ""ramayana_yuddha_093_q001"", ""ramayana_yuddha_093_q002"", ""ramayana_yuddha_093_q003"", ""ramayana_yuddha_093_q004"", ""ramayana_yuddha_093_q005""]"
94,yuddha_094,Yuddha Kanda,6,Ninety-fourth Chapter,100-106,"[233, 234, 235]","[""237"", ""238"", ""239""]",5,6,"[""ramayana_yuddha_094_summary"", ""ramayana_yuddha_094_q001"", ""ramayana_yuddha_094_q002"", ""ramayana_yuddha_094_q003"", ""ramayana_yuddha_094_q004"", ""ramayana_yuddha_094_q005""]"
95,yuddha_095,Yuddha Kanda,6,Ninety-fifth Chapter,107-111,"[235, 236, 237, 238]","[""239"", ""240"", ""241"", ""242""]",5,6,"[""ramayana_yuddha_095_summary"", ""ramayana_yuddha_095_q001"", ""ramayana_yuddha_095_q002"", ""ramayana_yuddha_095_q003"", ""ramayana_yuddha_095_q004"", ""ramayana_yuddha_095_q005""]"
96,yuddha_096,Yuddha Kanda,6,Ninety-Sixth Chapter,112-116,"[238, 239, 240]","[""242"", ""243"", ""244""]",5,6,"[""ramayana_yuddha_096_summary"", ""ramayana_yuddha_096_q001"", ""ramayana_yuddha_096_q002"", ""ramayana_yuddha_096_q003"", ""ramayana_yuddha_096_q004"", ""ramayana_yuddha_096_q005""]"
97,yuddha_097,Yuddha Kanda,6,Ninety-seventh Chapter,117-121,"[240, 241, 242]","[""244"", ""245"", ""246""]",5,6,"[""ramayana_yuddha_097_summary"", ""ramayana_yuddha_097_q001"", ""ramayana_yuddha_097_q002"", ""ramayana_yuddha_097_q003"", ""ramayana_yuddha_097_q004"", ""ramayana_yuddha_097_q005""]"
98,yuddha_098,Yuddha Kanda,6,Ninety-eighth Chapter,122-126,"[242, 243, 244, 245]","[""246"", ""247"", ""248"", ""249""]",5,6,"[""ramayana_yuddha_098_summary"", ""ramayana_yuddha_098_q001"", ""ramayana_yuddha_098_q002"", ""ramayana_yuddha_098_q003"", ""ramayana_yuddha_098_q004"", ""ramayana_yuddha_098_q005""]"
99,yuddha_099,Yuddha Kanda,6,Ninety-ninth Chapter,127-131,"[245, 246, 247]","[""249"", ""250"", ""251""]",5,6,"[""ramayana_yuddha_099_summary"", ""ramayana_yuddha_099_q001"", ""ramayana_yuddha_099_q002"", ""ramayana_yuddha_099_q003"", ""ramayana_yuddha_099_q004"", ""ramayana_yuddha_099_q005""]"
